Timestamp,Left elbow angle,Right elbow angle,Left knee angle,Right knee angle,Nose(X),Nose(Y),Neck(X),Neck(Y),ShoulderRight(X),ShoulderRight(Y),ElbowRight(X),ElbowRight(Y),WristRight(X),WristRight(Y),ShoulderLeft(X),ShoulderLeft(Y),ElbowLeft(X),ElbowLeft(Y),WristLeft(X),WristLeft(Y),HipRight(X),HipRight(Y),KneeRight(X),KneeRight(Y),AnkleRight(X),AnkleRight(Y),HipLeft(X),HipLeft(Y),KneeLeft(X),KneeLeft(Y),AnkleLeft(X),AnkleLeft(Y),EyeRight(X),EyeRight(Y),EyeLeft(X),EyeLeft(Y),EarRight(X),EarRight(Y),EarLeft(X),EarLeft(Y),FootLeft(X),FootLeft(Y),FootRight(X),FootRight(Y),Pelvis(X),Pelvis(Y),Waist(X),Waist(Y),Chest(X),Chest(Y)
621376045968575148,180,180,180,180,268,947,274,1211,-1,-1,-1,-1,-1,-1,586,1157,-1,-1,-1,-1,-1,-1,-1,-1,-1,-1,-1,-1,-1,-1,-1,-1,167,829,352,826,46,891,462,891,-1,-1,-1,-1,-1,-1,-1,-1,-1,-1
621376045968918385,180,180,180,180,267,943,284,1205,-1,-1,-1,-1,-1,-1,596,1166,-1,-1,-1,-1,-1,-1,-1,-1,-1,-1,-1,-1,-1,-1,-1,-1,171,825,357,821,46,872,469,875,-1,-1,-1,-1,-1,-1,-1,-1,-1,-1
621376045969577157,180,180,180,180,267,938,282,1200,-1,-1,-1,-1,-1,-1,608,1157,-1,-1,-1,-1,-1,-1,-1,-1,-1,-1,-1,-1,-1,-1,-1,-1,175,821,361,823,46,854,476,860,-1,-1,-1,-1,-1,-1,-1,-1,-1,-1
621376045970247375,180,180,180,180,271,931,284,1196,-1,-1,-1,-1,-1,-1,608,1153,-1,-1,-1,-1,-1,-1,-1,-1,-1,-1,-1,-1,-1,-1,-1,-1,177,811,364,812,46,842,482,845,-1,-1,-1,-1,-1,-1,-1,-1,-1,-1
621376045970574586,180,180,180,180,271,924,285,1196,-1,-1,-1,-1,-1,-1,608,1149,-1,-1,-1,-1,-1,-1,-1,-1,-1,-1,-1,-1,-1,-1,-1,-1,178,805,367,806,46,840,485,841,-1,-1,-1,-1,-1,-1,-1,-1,-1,-1
621376045970910765,180,180,180,180,275,918,287,1196,-1,-1,-1,-1,-1,-1,610,1146,-1,-1,-1,-1,-1,-1,-1,-1,-1,-1,-1,-1,-1,-1,-1,-1,180,791,367,792,46,837,486,838,-1,-1,-1,-1,-1,-1,-1,-1,-1,-1
621376045971242877,180,180,180,180,277,905,288,1184,-1,-1,-1,-1,-1,-1,610,1146,-1,-1,-1,-1,-1,-1,-1,-1,-1,-1,-1,-1,-1,-1,-1,-1,180,785,367,786,46,837,486,838,-1,-1,-1,-1,-1,-1,-1,-1,-1,-1
621376045971932660,180,180,180,180,282,897,288,1184,-1,-1,-1,-1,-1,-1,614,1139,-1,-1,-1,-1,-1,-1,-1,-1,-1,-1,-1,-1,-1,-1,-1,-1,183,778,371,780,47,832,488,833,-1,-1,-1,-1,-1,-1,-1,-1,-1,-1
621376045972596689,180,180,180,180,282,897,293,1168,-1,-1,-1,-1,-1,-1,618,1127,-1,-1,-1,-1,-1,-1,-1,-1,-1,-1,-1,-1,-1,-1,-1,-1,185,778,373,780,52,828,490,828,-1,-1,-1,-1,-1,-1,-1,-1,-1,-1
621376045973094729,180,180,180,180,288,895,293,1131,-1,-1,-1,-1,-1,-1,620,1115,-1,-1,-1,-1,-1,-1,-1,-1,-1,-1,-1,-1,-1,-1,-1,-1,194,755,379,754,51,804,490,825,-1,-1,-1,-1,-1,-1,-1,-1,-1,-1
621376045973430961,180,180,179,174,423,133,448,167,445,172,490,186,-1,-1,451,150,496,141,-1,-1,547,175,600,183,665,186,549,169,597,172,659,175,414,138,-1,-1,414,152,-1,-1,-1,-1,-1,-1,548,172,518,170,478,168
621376045973758278,180,180,180,180,296,809,299,1051,-1,-1,-1,-1,-1,-1,631,1034,-1,-1,-1,-1,-1,-1,-1,-1,-1,-1,-1,-1,-1,-1,-1,-1,198,700,386,697,66,739,504,731,-1,-1,-1,-1,-1,-1,-1,-1,-1,-1
621376045974095972,180,180,180,180,295,805,298,1038,-1,-1,-1,-1,-1,-1,625,1021,-1,-1,-1,-1,-1,-1,-1,-1,-1,-1,-1,-1,-1,-1,-1,-1,196,690,383,680,56,729,496,729,-1,-1,-1,-1,-1,-1,-1,-1,-1,-1
621376045974444184,134,149,0,155,600,141,555,147,555,119,499,116,490,110,555,183,493,189,414,122,482,130,468,122,414,116,465,172,451,158,-1,-1,608,133,608,144,606,124,603,155,-1,-1,-1,-1,473,151,481,150,513,148
621376045974760653,180,180,180,180,274,750,285,947,-1,-1,-1,-1,-1,-1,608,955,-1,-1,-1,-1,-1,-1,-1,-1,-1,-1,-1,-1,-1,-1,-1,-1,187,635,369,632,54,669,485,649,-1,-1,-1,-1,-1,-1,-1,-1,-1,-1
621376045975094406,180,180,180,180,272,750,279,937,-1,-1,-1,-1,-1,-1,597,936,-1,-1,-1,-1,-1,-1,-1,-1,-1,-1,-1,-1,-1,-1,-1,-1,180,624,364,621,45,647,473,652,-1,-1,-1,-1,-1,-1,-1,-1,-1,-1
621376045975428607,180,180,180,180,272,734,274,927,-1,-1,-1,-1,-1,-1,583,916,-1,-1,-1,-1,-1,-1,-1,-1,-1,-1,-1,-1,-1,-1,-1,-1,172,613,358,610,35,647,461,652,-1,-1,-1,-1,-1,-1,-1,-1,-1,-1
621376045975762507,179,180,180,180,272,720,270,922,-1,-1,-1,-1,-1,-1,583,906,-1,-1,-1,-1,-1,-1,-1,-1,-1,-1,-1,-1,-1,-1,-1,-1,166,602,352,600,36,641,462,631,-1,-1,-1,-1,-1,-1,-1,-1,-1,-1
621376045976109335,179,180,180,180,272,710,268,912,-1,-1,-1,-1,-1,-1,577,895,-1,-1,-1,-1,-1,-1,-1,-1,-1,-1,-1,-1,-1,-1,-1,-1,170,593,358,591,40,643,463,611,-1,-1,-1,-1,-1,-1,-1,-1,-1,-1
621376045976424588,179,180,180,180,273,700,271,912,-1,-1,-1,-1,-1,-1,578,889,-1,-1,-1,-1,-1,-1,-1,-1,-1,-1,-1,-1,-1,-1,-1,-1,175,584,358,583,45,642,466,606,-1,-1,-1,-1,-1,-1,-1,-1,-1,-1
621376045976759595,180,180,180,180,273,691,273,899,-1,-1,-1,-1,-1,-1,578,882,-1,-1,-1,-1,-1,-1,-1,-1,-1,-1,-1,-1,-1,-1,-1,-1,175,581,360,580,52,640,464,604,-1,-1,-1,-1,-1,-1,-1,-1,-1,-1
621376045977092576,180,180,180,180,275,687,271,891,-1,-1,-1,-1,-1,-1,575,873,-1,-1,-1,-1,-1,-1,-1,-1,-1,-1,-1,-1,-1,-1,-1,-1,179,574,362,573,63,638,464,604,-1,-1,-1,-1,-1,-1,-1,-1,-1,-1
621376045977436080,180,180,180,180,277,686,269,875,4,893,-1,-1,-1,-1,571,858,-1,-1,-1,-1,-1,-1,-1,-1,-1,-1,-1,-1,-1,-1,-1,-1,179,574,362,571,71,633,464,603,-1,-1,-1,-1,-1,-1,-1,-1,-1,-1
621376045977758711,180,180,180,180,278,683,267,872,4,890,-1,-1,-1,-1,565,857,-1,-1,-1,-1,-1,-1,-1,-1,-1,-1,-1,-1,-1,-1,-1,-1,182,570,365,567,73,624,464,596,-1,-1,-1,-1,-1,-1,-1,-1,-1,-1
621376045978091846,180,180,180,180,283,679,267,868,4,884,-1,-1,-1,-1,564,851,-1,-1,-1,-1,-1,-1,-1,-1,-1,-1,-1,-1,-1,-1,-1,-1,184,567,365,567,75,618,466,597,-1,-1,-1,-1,-1,-1,-1,-1,-1,-1
621376045978758790,180,180,180,180,284,678,269,856,4,882,-1,-1,-1,-1,559,850,-1,-1,-1,-1,-1,-1,-1,-1,-1,-1,-1,-1,-1,-1,-1,-1,187,561,370,565,77,616,468,597,-1,-1,-1,-1,-1,-1,-1,-1,-1,-1
621376045979092094,180,180,180,180,290,675,270,856,4,876,-1,-1,-1,-1,558,848,-1,-1,-1,-1,-1,-1,-1,-1,-1,-1,-1,-1,-1,-1,-1,-1,191,559,373,564,84,608,468,586,-1,-1,-1,-1,-1,-1,-1,-1,-1,-1
621376045979423921,180,180,180,180,296,670,269,853,4,860,-1,-1,-1,-1,559,845,-1,-1,-1,-1,-1,-1,-1,-1,-1,-1,-1,-1,-1,-1,-1,-1,199,553,375,563,91,606,470,588,-1,-1,-1,-1,-1,-1,-1,-1,-1,-1
621376045979759618,180,180,180,180,296,662,269,845,4,856,-1,-1,-1,-1,559,837,-1,-1,-1,-1,-1,-1,-1,-1,-1,-1,-1,-1,-1,-1,-1,-1,206,548,380,558,94,600,472,581,-1,-1,-1,-1,-1,-1,-1,-1,-1,-1
621376045980424057,180,180,180,180,304,658,274,842,4,846,-1,-1,-1,-1,559,836,-1,-1,-1,-1,-1,-1,-1,-1,-1,-1,-1,-1,-1,-1,-1,-1,214,543,385,552,99,600,477,581,-1,-1,-1,-1,-1,-1,-1,-1,-1,-1
621376045980759375,180,180,180,180,305,653,273,836,4,839,-1,-1,-1,-1,557,834,-1,-1,-1,-1,-1,-1,-1,-1,-1,-1,-1,-1,-1,-1,-1,-1,217,538,391,550,105,592,481,577,-1,-1,-1,-1,-1,-1,-1,-1,-1,-1
621376045981135742,180,180,180,180,307,652,274,829,4,832,-1,-1,-1,-1,555,834,-1,-1,-1,-1,-1,-1,-1,-1,-1,-1,-1,-1,-1,-1,-1,-1,222,537,393,550,111,585,481,574,-1,-1,-1,-1,-1,-1,-1,-1,-1,-1
621376045981759616,180,180,180,180,307,650,275,829,4,824,-1,-1,-1,-1,553,833,-1,-1,-1,-1,-1,-1,-1,-1,-1,-1,-1,-1,-1,-1,-1,-1,221,534,392,549,115,582,482,568,-1,-1,-1,-1,-1,-1,-1,-1,-1,-1
621376045982094525,180,180,180,180,306,648,275,824,4,819,-1,-1,-1,-1,548,832,-1,-1,-1,-1,-1,-1,-1,-1,-1,-1,-1,-1,-1,-1,-1,-1,221,533,392,548,115,575,481,567,-1,-1,-1,-1,-1,-1,-1,-1,-1,-1
621376045982443595,180,180,180,180,307,647,275,818,4,814,-1,-1,-1,-1,546,830,-1,-1,-1,-1,-1,-1,-1,-1,-1,-1,-1,-1,-1,-1,-1,-1,223,531,392,548,115,572,481,566,-1,-1,-1,-1,-1,-1,-1,-1,-1,-1
621376045982765229,180,180,180,180,306,645,276,815,4,810,-1,-1,-1,-1,544,825,-1,-1,-1,-1,-1,-1,-1,-1,-1,-1,-1,-1,-1,-1,-1,-1,218,526,392,545,113,563,480,566,-1,-1,-1,-1,-1,-1,-1,-1,-1,-1
621376045983095765,180,180,180,180,295,640,275,810,4,809,-1,-1,-1,-1,544,823,-1,-1,-1,-1,-1,-1,-1,-1,-1,-1,-1,-1,-1,-1,-1,-1,212,524,382,542,105,551,479,562,-1,-1,-1,-1,-1,-1,-1,-1,-1,-1
621376045983427066,180,180,180,180,292,638,273,804,4,806,-1,-1,-1,-1,543,820,-1,-1,-1,-1,-1,-1,-1,-1,-1,-1,-1,-1,-1,-1,-1,-1,210,522,376,536,92,551,478,557,-1,-1,-1,-1,-1,-1,-1,-1,-1,-1
621376045983759766,180,180,180,180,286,631,273,804,4,806,-1,-1,-1,-1,542,818,-1,-1,-1,-1,-1,-1,-1,-1,-1,-1,-1,-1,-1,-1,-1,-1,204,517,369,530,85,539,475,554,-1,-1,-1,-1,-1,-1,-1,-1,-1,-1
621376045984425985,180,180,180,180,280,624,272,802,4,801,-1,-1,-1,-1,541,811,-1,-1,-1,-1,-1,-1,-1,-1,-1,-1,-1,-1,-1,-1,-1,-1,198,510,369,525,85,534,471,550,-1,-1,-1,-1,-1,-1,-1,-1,-1,-1
621376045984758720,180,180,180,180,275,624,271,799,4,800,-1,-1,-1,-1,540,811,-1,-1,-1,-1,-1,-1,-1,-1,-1,-1,-1,-1,-1,-1,-1,-1,196,505,361,522,71,530,465,548,-1,-1,-1,-1,-1,-1,-1,-1,-1,-1
621376045985110528,180,180,180,180,266,614,271,794,4,801,-1,-1,-1,-1,540,802,-1,-1,-1,-1,-1,-1,-1,-1,-1,-1,-1,-1,-1,-1,-1,-1,184,503,356,512,62,523,454,548,-1,-1,-1,-1,-1,-1,-1,-1,-1,-1
621376045985425742,180,180,180,180,261,607,265,781,4,801,-1,-1,-1,-1,538,796,-1,-1,-1,-1,-1,-1,-1,-1,-1,-1,-1,-1,-1,-1,-1,-1,178,496,350,503,50,523,450,543,-1,-1,-1,-1,-1,-1,-1,-1,-1,-1
621376045985756900,180,180,180,180,248,597,261,780,4,798,-1,-1,-1,-1,535,792,-1,-1,-1,-1,-1,-1,-1,-1,-1,-1,-1,-1,-1,-1,-1,-1,160,487,331,492,36,520,432,537,-1,-1,-1,-1,-1,-1,-1,-1,-1,-1
621376045986095139,180,180,180,180,237,590,258,780,4,795,-1,-1,-1,-1,528,776,-1,-1,-1,-1,-1,-1,-1,-1,-1,-1,-1,-1,-1,-1,-1,-1,150,482,324,485,33,518,426,530,-1,-1,-1,-1,-1,-1,-1,-1,-1,-1
621376045986443657,180,180,180,180,237,590,252,780,4,799,-1,-1,-1,-1,526,775,-1,-1,-1,-1,-1,-1,-1,-1,-1,-1,-1,-1,-1,-1,-1,-1,150,479,320,483,26,517,420,530,-1,-1,-1,-1,-1,-1,-1,-1,-1,-1
621376045986758954,180,180,180,180,234,588,253,774,4,801,-1,-1,-1,-1,526,768,-1,-1,-1,-1,-1,-1,-1,-1,-1,-1,-1,-1,-1,-1,-1,-1,146,478,320,479,27,517,419,528,-1,-1,-1,-1,-1,-1,-1,-1,-1,-1
621376045987423292,180,180,180,180,232,584,252,771,4,803,-1,-1,-1,-1,525,767,-1,-1,-1,-1,-1,-1,-1,-1,-1,-1,-1,-1,-1,-1,-1,-1,146,478,319,477,26,517,416,524,-1,-1,-1,-1,-1,-1,-1,-1,-1,-1
621376045987759596,180,180,180,180,232,584,252,770,4,804,-1,-1,-1,-1,525,766,-1,-1,-1,-1,-1,-1,-1,-1,-1,-1,-1,-1,-1,-1,-1,-1,146,477,317,476,27,517,416,522,-1,-1,-1,-1,-1,-1,-1,-1,-1,-1
621376045988094151,180,180,180,180,236,581,251,768,4,804,-1,-1,-1,-1,523,766,-1,-1,-1,-1,-1,-1,-1,-1,-1,-1,-1,-1,-1,-1,-1,-1,145,474,319,476,26,516,417,522,-1,-1,-1,-1,-1,-1,-1,-1,-1,-1
621376045988427794,180,180,180,180,233,579,251,774,4,803,-1,-1,-1,-1,523,766,-1,-1,-1,-1,-1,-1,-1,-1,-1,-1,-1,-1,-1,-1,-1,-1,147,474,319,474,29,517,417,521,-1,-1,-1,-1,-1,-1,-1,-1,-1,-1
621376045988759518,180,180,180,180,236,579,251,774,4,803,-1,-1,-1,-1,523,764,-1,-1,-1,-1,-1,-1,-1,-1,-1,-1,-1,-1,-1,-1,-1,-1,147,474,320,472,29,516,417,522,-1,-1,-1,-1,-1,-1,-1,-1,-1,-1
621376045989093395,180,180,180,180,238,575,250,782,4,804,-1,-1,-1,-1,525,764,-1,-1,-1,-1,-1,-1,-1,-1,-1,-1,-1,-1,-1,-1,-1,-1,150,471,320,471,29,516,417,521,-1,-1,-1,-1,-1,-1,-1,-1,-1,-1
621376045989431613,180,180,180,180,242,575,250,782,4,803,-1,-1,-1,-1,526,764,-1,-1,-1,-1,-1,-1,-1,-1,-1,-1,-1,-1,-1,-1,-1,-1,153,471,323,471,30,515,417,521,-1,-1,-1,-1,-1,-1,-1,-1,-1,-1
621376045989759717,180,180,180,180,243,574,250,781,4,804,-1,-1,-1,-1,525,766,-1,-1,-1,-1,-1,-1,-1,-1,-1,-1,-1,-1,-1,-1,-1,-1,153,470,324,470,30,512,417,521,-1,-1,-1,-1,-1,-1,-1,-1,-1,-1
621376045990093625,180,180,180,180,244,574,252,781,4,804,-1,-1,-1,-1,525,766,-1,-1,-1,-1,-1,-1,-1,-1,-1,-1,-1,-1,-1,-1,-1,-1,155,470,324,468,31,510,417,522,-1,-1,-1,-1,-1,-1,-1,-1,-1,-1
621376045990758383,180,180,180,180,244,574,254,778,4,803,-1,-1,-1,-1,525,766,-1,-1,-1,-1,-1,-1,-1,-1,-1,-1,-1,-1,-1,-1,-1,-1,155,468,324,468,31,508,417,521,-1,-1,-1,-1,-1,-1,-1,-1,-1,-1
621376045991092472,180,180,180,180,244,574,254,778,4,803,-1,-1,-1,-1,525,764,-1,-1,-1,-1,-1,-1,-1,-1,-1,-1,-1,-1,-1,-1,-1,-1,155,468,324,468,31,505,418,521,-1,-1,-1,-1,-1,-1,-1,-1,-1,-1
621376045991429062,180,180,180,180,246,574,254,778,4,803,-1,-1,-1,-1,527,767,-1,-1,-1,-1,-1,-1,-1,-1,-1,-1,-1,-1,-1,-1,-1,-1,153,466,324,468,30,503,418,521,-1,-1,-1,-1,-1,-1,-1,-1,-1,-1
621376045991777771,180,180,180,180,247,573,254,778,4,805,-1,-1,-1,-1,527,767,-1,-1,-1,-1,-1,-1,-1,-1,-1,-1,-1,-1,-1,-1,-1,-1,155,467,324,469,31,503,418,521,-1,-1,-1,-1,-1,-1,-1,-1,-1,-1
621376045992093192,180,180,180,180,247,573,254,778,4,803,-1,-1,-1,-1,527,767,-1,-1,-1,-1,-1,-1,-1,-1,-1,-1,-1,-1,-1,-1,-1,-1,157,467,324,472,32,503,419,521,-1,-1,-1,-1,-1,-1,-1,-1,-1,-1
621376045992757732,180,180,180,180,248,573,254,778,4,802,-1,-1,-1,-1,527,767,-1,-1,-1,-1,-1,-1,-1,-1,-1,-1,-1,-1,-1,-1,-1,-1,156,467,325,472,33,505,419,519,-1,-1,-1,-1,-1,-1,-1,-1,-1,-1
621376045993095148,180,180,180,180,248,573,255,779,4,800,-1,-1,-1,-1,528,767,-1,-1,-1,-1,-1,-1,-1,-1,-1,-1,-1,-1,-1,-1,-1,-1,160,468,325,472,33,505,420,519,-1,-1,-1,-1,-1,-1,-1,-1,-1,-1
621376045993427112,180,180,180,180,252,573,256,781,4,800,-1,-1,-1,-1,528,768,-1,-1,-1,-1,-1,-1,-1,-1,-1,-1,-1,-1,-1,-1,-1,-1,163,468,327,473,37,507,427,520,-1,-1,-1,-1,-1,-1,-1,-1,-1,-1
621376045993761202,180,180,180,180,255,573,259,781,4,800,-1,-1,-1,-1,531,769,-1,-1,-1,-1,-1,-1,-1,-1,-1,-1,-1,-1,-1,-1,-1,-1,166,469,333,473,40,508,431,521,-1,-1,-1,-1,-1,-1,-1,-1,-1,-1
621376045994092937,180,180,180,180,255,574,260,782,4,800,-1,-1,-1,-1,532,771,-1,-1,-1,-1,-1,-1,-1,-1,-1,-1,-1,-1,-1,-1,-1,-1,166,470,339,473,45,510,433,523,-1,-1,-1,-1,-1,-1,-1,-1,-1,-1
621376045994428057,180,180,180,180,256,574,260,784,4,800,-1,-1,-1,-1,532,774,-1,-1,-1,-1,-1,-1,-1,-1,-1,-1,-1,-1,-1,-1,-1,-1,170,470,341,472,47,510,433,527,-1,-1,-1,-1,-1,-1,-1,-1,-1,-1
621376045995092245,180,180,180,180,258,574,260,784,4,800,-1,-1,-1,-1,534,774,-1,-1,-1,-1,-1,-1,-1,-1,-1,-1,-1,-1,-1,-1,-1,-1,170,470,342,472,48,510,433,528,-1,-1,-1,-1,-1,-1,-1,-1,-1,-1
621376045995425376,180,180,180,180,258,573,260,786,4,800,-1,-1,-1,-1,534,775,-1,-1,-1,-1,-1,-1,-1,-1,-1,-1,-1,-1,-1,-1,-1,-1,171,469,343,472,51,505,434,529,-1,-1,-1,-1,-1,-1,-1,-1,-1,-1
621376045995759419,180,180,180,180,259,573,260,786,4,801,-1,-1,-1,-1,535,774,-1,-1,-1,-1,-1,-1,-1,-1,-1,-1,-1,-1,-1,-1,-1,-1,172,469,344,472,50,506,434,531,-1,-1,-1,-1,-1,-1,-1,-1,-1,-1
621376045996104163,180,180,180,180,258,571,260,786,4,801,-1,-1,-1,-1,535,773,-1,-1,-1,-1,-1,-1,-1,-1,-1,-1,-1,-1,-1,-1,-1,-1,172,467,344,471,52,505,434,529,-1,-1,-1,-1,-1,-1,-1,-1,-1,-1
621376045996426449,180,180,180,180,260,570,261,785,4,800,-1,-1,-1,-1,537,773,-1,-1,-1,-1,-1,-1,-1,-1,-1,-1,-1,-1,-1,-1,-1,-1,172,466,344,470,52,505,434,529,-1,-1,-1,-1,-1,-1,-1,-1,-1,-1
621376045996760037,180,180,180,180,260,569,261,785,4,800,-1,-1,-1,-1,538,772,-1,-1,-1,-1,-1,-1,-1,-1,-1,-1,-1,-1,-1,-1,-1,-1,172,465,345,469,52,505,434,529,-1,-1,-1,-1,-1,-1,-1,-1,-1,-1
621376045997095230,180,180,180,180,261,569,261,785,4,800,-1,-1,-1,-1,538,771,-1,-1,-1,-1,-1,-1,-1,-1,-1,-1,-1,-1,-1,-1,-1,-1,171,465,347,465,52,504,434,526,-1,-1,-1,-1,-1,-1,-1,-1,-1,-1
621376045997471209,180,180,180,180,261,568,261,785,4,799,-1,-1,-1,-1,538,769,-1,-1,-1,-1,-1,-1,-1,-1,-1,-1,-1,-1,-1,-1,-1,-1,171,464,347,465,52,505,434,526,-1,-1,-1,-1,-1,-1,-1,-1,-1,-1
621376045998093029,180,180,180,180,262,568,261,785,4,799,-1,-1,-1,-1,538,768,-1,-1,-1,-1,-1,-1,-1,-1,-1,-1,-1,-1,-1,-1,-1,-1,170,463,347,464,52,505,434,524,-1,-1,-1,-1,-1,-1,-1,-1,-1,-1
621376045998428475,180,180,180,180,262,568,262,784,4,797,-1,-1,-1,-1,538,768,-1,-1,-1,-1,-1,-1,-1,-1,-1,-1,-1,-1,-1,-1,-1,-1,170,461,347,464,51,506,434,524,-1,-1,-1,-1,-1,-1,-1,-1,-1,-1
621376045998757391,180,180,180,180,262,566,262,785,4,799,-1,-1,-1,-1,537,768,-1,-1,-1,-1,-1,-1,-1,-1,-1,-1,-1,-1,-1,-1,-1,-1,170,461,347,464,49,505,434,524,-1,-1,-1,-1,-1,-1,-1,-1,-1,-1
621376045999098045,180,180,180,180,261,567,262,785,4,798,-1,-1,-1,-1,537,768,-1,-1,-1,-1,-1,-1,-1,-1,-1,-1,-1,-1,-1,-1,-1,-1,170,461,347,464,47,503,434,526,-1,-1,-1,-1,-1,-1,-1,-1,-1,-1
621376045999425006,180,180,180,180,261,567,266,784,4,796,-1,-1,-1,-1,536,768,-1,-1,-1,-1,-1,-1,-1,-1,-1,-1,-1,-1,-1,-1,-1,-1,170,461,347,464,47,503,434,526,-1,-1,-1,-1,-1,-1,-1,-1,-1,-1
621376045999763439,180,180,180,180,262,565,266,783,4,794,-1,-1,-1,-1,535,768,-1,-1,-1,-1,-1,-1,-1,-1,-1,-1,-1,-1,-1,-1,-1,-1,170,461,345,464,46,503,434,526,-1,-1,-1,-1,-1,-1,-1,-1,-1,-1
621376046000113848,180,180,180,180,261,565,266,782,4,794,-1,-1,-1,-1,536,767,-1,-1,-1,-1,-1,-1,-1,-1,-1,-1,-1,-1,-1,-1,-1,-1,171,461,345,464,46,503,434,526,-1,-1,-1,-1,-1,-1,-1,-1,-1,-1
621376046000435672,180,180,180,180,261,564,267,782,4,793,-1,-1,-1,-1,536,767,-1,-1,-1,-1,-1,-1,-1,-1,-1,-1,-1,-1,-1,-1,-1,-1,171,460,345,464,46,502,434,528,-1,-1,-1,-1,-1,-1,-1,-1,-1,-1
621376046000762456,180,180,180,180,262,564,267,780,4,794,-1,-1,-1,-1,536,767,-1,-1,-1,-1,-1,-1,-1,-1,-1,-1,-1,-1,-1,-1,-1,-1,173,458,347,464,46,499,435,528,-1,-1,-1,-1,-1,-1,-1,-1,-1,-1
621376046001113949,180,180,180,180,261,563,267,778,4,792,-1,-1,-1,-1,536,767,-1,-1,-1,-1,-1,-1,-1,-1,-1,-1,-1,-1,-1,-1,-1,-1,175,457,346,464,46,497,435,527,-1,-1,-1,-1,-1,-1,-1,-1,-1,-1
621376046001425427,180,180,180,180,261,562,267,776,4,790,-1,-1,-1,-1,537,767,-1,-1,-1,-1,-1,-1,-1,-1,-1,-1,-1,-1,-1,-1,-1,-1,177,457,348,464,49,492,436,527,-1,-1,-1,-1,-1,-1,-1,-1,-1,-1
621376046001770197,180,180,180,180,260,562,268,771,4,788,-1,-1,-1,-1,537,767,-1,-1,-1,-1,-1,-1,-1,-1,-1,-1,-1,-1,-1,-1,-1,-1,180,455,348,464,51,491,442,527,-1,-1,-1,-1,-1,-1,-1,-1,-1,-1
621376046002094256,180,180,180,180,261,560,268,768,4,788,-1,-1,-1,-1,538,767,-1,-1,-1,-1,-1,-1,-1,-1,-1,-1,-1,-1,-1,-1,-1,-1,181,448,350,464,50,486,444,527,-1,-1,-1,-1,-1,-1,-1,-1,-1,-1
621376046002427622,180,180,180,180,260,556,267,768,4,788,-1,-1,-1,-1,538,767,-1,-1,-1,-1,-1,-1,-1,-1,-1,-1,-1,-1,-1,-1,-1,-1,184,447,352,464,58,484,445,528,-1,-1,-1,-1,-1,-1,-1,-1,-1,-1
621376046002777907,180,180,180,180,255,556,268,768,4,786,-1,-1,-1,-1,537,767,-1,-1,-1,-1,-1,-1,-1,-1,-1,-1,-1,-1,-1,-1,-1,-1,188,442,352,464,63,482,447,527,-1,-1,-1,-1,-1,-1,-1,-1,-1,-1
621376046003093896,180,180,180,180,255,551,269,768,4,786,-1,-1,-1,-1,535,766,-1,-1,-1,-1,-1,-1,-1,-1,-1,-1,-1,-1,-1,-1,-1,-1,189,440,352,464,69,474,448,529,-1,-1,-1,-1,-1,-1,-1,-1,-1,-1
621376046003427120,180,180,180,180,248,547,268,769,4,786,-1,-1,-1,-1,535,766,-1,-1,-1,-1,-1,-1,-1,-1,-1,-1,-1,-1,-1,-1,-1,-1,191,435,352,464,75,465,451,530,-1,-1,-1,-1,-1,-1,-1,-1,-1,-1
621376046003760745,180,180,180,180,247,543,267,773,4,789,-1,-1,-1,-1,535,766,-1,-1,-1,-1,-1,-1,-1,-1,-1,-1,-1,-1,-1,-1,-1,-1,192,429,354,465,79,458,451,536,-1,-1,-1,-1,-1,-1,-1,-1,-1,-1
621376046004137386,180,180,180,180,244,537,267,773,4,790,-1,-1,-1,-1,535,766,-1,-1,-1,-1,-1,-1,-1,-1,-1,-1,-1,-1,-1,-1,-1,-1,193,428,355,465,86,451,454,538,-1,-1,-1,-1,-1,-1,-1,-1,-1,-1
621376046004427607,180,180,180,180,244,537,266,776,4,791,-1,-1,-1,-1,535,764,-1,-1,-1,-1,-1,-1,-1,-1,-1,-1,-1,-1,-1,-1,-1,-1,199,424,362,470,89,446,458,540,-1,-1,-1,-1,-1,-1,-1,-1,-1,-1
621376046005095421,180,180,180,180,243,535,265,776,4,790,-1,-1,-1,-1,535,764,-1,-1,-1,-1,-1,-1,-1,-1,-1,-1,-1,-1,-1,-1,-1,-1,202,423,365,470,93,435,458,543,-1,-1,-1,-1,-1,-1,-1,-1,-1,-1
621376046005427090,180,180,180,180,243,534,265,776,4,789,-1,-1,-1,-1,535,764,-1,-1,-1,-1,-1,-1,-1,-1,-1,-1,-1,-1,-1,-1,-1,-1,209,423,367,472,-1,-1,464,547,-1,-1,-1,-1,-1,-1,-1,-1,-1,-1
621376046005760015,180,180,180,180,243,533,265,772,4,790,-1,-1,-1,-1,535,764,-1,-1,-1,-1,-1,-1,-1,-1,-1,-1,-1,-1,-1,-1,-1,-1,215,420,371,473,-1,-1,464,555,-1,-1,-1,-1,-1,-1,-1,-1,-1,-1
621376046006116284,180,180,180,180,242,531,267,769,4,784,-1,-1,-1,-1,535,763,-1,-1,-1,-1,-1,-1,-1,-1,-1,-1,-1,-1,-1,-1,-1,-1,221,420,375,476,-1,-1,474,558,-1,-1,-1,-1,-1,-1,-1,-1,-1,-1
621376046006428329,180,180,180,180,242,530,267,764,4,783,-1,-1,-1,-1,535,763,-1,-1,-1,-1,-1,-1,-1,-1,-1,-1,-1,-1,-1,-1,-1,-1,227,417,378,478,-1,-1,477,566,-1,-1,-1,-1,-1,-1,-1,-1,-1,-1
621376046006760950,180,180,180,180,243,529,271,764,4,780,-1,-1,-1,-1,537,763,-1,-1,-1,-1,-1,-1,-1,-1,-1,-1,-1,-1,-1,-1,-1,-1,233,414,383,478,-1,-1,477,571,-1,-1,-1,-1,-1,-1,-1,-1,-1,-1
621376046007093177,180,180,180,180,248,529,273,763,4,780,-1,-1,-1,-1,537,761,-1,-1,-1,-1,-1,-1,-1,-1,-1,-1,-1,-1,-1,-1,-1,-1,235,415,386,480,-1,-1,478,574,-1,-1,-1,-1,-1,-1,-1,-1,-1,-1
621376046007449277,180,180,180,180,253,529,273,763,4,779,-1,-1,-1,-1,538,761,-1,-1,-1,-1,-1,-1,-1,-1,-1,-1,-1,-1,-1,-1,-1,-1,239,414,390,483,-1,-1,479,579,-1,-1,-1,-1,-1,-1,-1,-1,-1,-1
621376046007760077,180,180,180,180,256,529,274,762,4,780,-1,-1,-1,-1,539,761,-1,-1,-1,-1,-1,-1,-1,-1,-1,-1,-1,-1,-1,-1,-1,-1,240,414,392,483,-1,-1,480,582,-1,-1,-1,-1,-1,-1,-1,-1,-1,-1
621376046008426358,180,180,180,180,256,529,276,762,4,778,-1,-1,-1,-1,540,761,-1,-1,-1,-1,-1,-1,-1,-1,-1,-1,-1,-1,-1,-1,-1,-1,243,414,392,483,-1,-1,482,581,-1,-1,-1,-1,-1,-1,-1,-1,-1,-1
621376046008761926,180,180,180,180,258,529,277,762,4,779,-1,-1,-1,-1,540,761,-1,-1,-1,-1,-1,-1,-1,-1,-1,-1,-1,-1,-1,-1,-1,-1,247,414,394,484,-1,-1,485,582,-1,-1,-1,-1,-1,-1,-1,-1,-1,-1
621376046009114073,180,180,180,180,260,529,279,760,4,779,-1,-1,-1,-1,540,761,-1,-1,-1,-1,-1,-1,-1,-1,-1,-1,-1,-1,-1,-1,-1,-1,247,414,395,484,-1,-1,485,582,-1,-1,-1,-1,-1,-1,-1,-1,-1,-1
621376046009760195,180,180,180,180,262,529,279,760,4,779,-1,-1,-1,-1,540,761,-1,-1,-1,-1,-1,-1,-1,-1,-1,-1,-1,-1,-1,-1,-1,-1,247,414,395,484,-1,-1,487,583,-1,-1,-1,-1,-1,-1,-1,-1,-1,-1
621376046010094287,180,180,180,180,262,530,280,760,4,779,-1,-1,-1,-1,540,763,-1,-1,-1,-1,-1,-1,-1,-1,-1,-1,-1,-1,-1,-1,-1,-1,247,414,395,483,-1,-1,487,582,-1,-1,-1,-1,-1,-1,-1,-1,-1,-1
621376046010427528,180,180,180,180,262,531,280,759,4,779,-1,-1,-1,-1,538,763,-1,-1,-1,-1,-1,-1,-1,-1,-1,-1,-1,-1,-1,-1,-1,-1,247,414,395,483,-1,-1,487,579,-1,-1,-1,-1,-1,-1,-1,-1,-1,-1
621376046010771600,180,180,180,180,262,531,279,759,4,779,-1,-1,-1,-1,538,763,-1,-1,-1,-1,-1,-1,-1,-1,-1,-1,-1,-1,-1,-1,-1,-1,245,414,394,482,-1,-1,486,579,-1,-1,-1,-1,-1,-1,-1,-1,-1,-1
621376046011427064,180,180,180,180,262,531,279,760,4,778,-1,-1,-1,-1,538,763,-1,-1,-1,-1,-1,-1,-1,-1,-1,-1,-1,-1,-1,-1,-1,-1,240,414,393,480,-1,-1,485,575,-1,-1,-1,-1,-1,-1,-1,-1,-1,-1
621376046011760823,180,180,180,180,260,530,278,759,4,778,-1,-1,-1,-1,538,764,-1,-1,-1,-1,-1,-1,-1,-1,-1,-1,-1,-1,-1,-1,-1,-1,236,415,392,477,-1,-1,484,567,-1,-1,-1,-1,-1,-1,-1,-1,-1,-1
621376046012093972,180,180,180,180,258,529,278,759,4,778,-1,-1,-1,-1,538,765,-1,-1,-1,-1,-1,-1,-1,-1,-1,-1,-1,-1,-1,-1,-1,-1,230,414,388,472,-1,-1,484,563,-1,-1,-1,-1,-1,-1,-1,-1,-1,-1
621376046012448693,180,180,180,180,256,527,278,760,4,780,-1,-1,-1,-1,538,768,-1,-1,-1,-1,-1,-1,-1,-1,-1,-1,-1,-1,-1,-1,-1,-1,226,415,381,467,-1,-1,481,552,-1,-1,-1,-1,-1,-1,-1,-1,-1,-1
621376046013094522,180,180,180,180,253,526,277,761,4,780,-1,-1,-1,-1,539,770,-1,-1,-1,-1,-1,-1,-1,-1,-1,-1,-1,-1,-1,-1,-1,-1,216,419,373,461,-1,-1,480,543,-1,-1,-1,-1,-1,-1,-1,-1,-1,-1
621376046013427158,180,180,180,180,248,526,275,762,4,780,-1,-1,-1,-1,539,770,-1,-1,-1,-1,-1,-1,-1,-1,-1,-1,-1,-1,-1,-1,-1,-1,208,421,370,458,129,426,472,539,-1,-1,-1,-1,-1,-1,-1,-1,-1,-1
621376046013763282,180,180,180,180,247,526,275,763,4,782,-1,-1,-1,-1,541,769,-1,-1,-1,-1,-1,-1,-1,-1,-1,-1,-1,-1,-1,-1,-1,-1,198,425,366,455,124,440,464,534,-1,-1,-1,-1,-1,-1,-1,-1,-1,-1
621376046014098537,180,180,180,180,247,526,275,763,4,781,-1,-1,-1,-1,541,770,-1,-1,-1,-1,-1,-1,-1,-1,-1,-1,-1,-1,-1,-1,-1,-1,185,426,355,449,75,453,454,531,-1,-1,-1,-1,-1,-1,-1,-1,-1,-1
621376046014757651,180,180,180,180,247,526,276,762,4,781,-1,-1,-1,-1,542,770,-1,-1,-1,-1,-1,-1,-1,-1,-1,-1,-1,-1,-1,-1,-1,-1,181,430,351,442,72,466,449,519,-1,-1,-1,-1,-1,-1,-1,-1,-1,-1
621376046015095239,180,180,180,180,247,528,277,763,4,782,-1,-1,-1,-1,544,771,-1,-1,-1,-1,-1,-1,-1,-1,-1,-1,-1,-1,-1,-1,-1,-1,171,433,342,440,62,483,447,515,-1,-1,-1,-1,-1,-1,-1,-1,-1,-1
621376046015426078,180,180,180,180,248,532,277,763,4,782,-1,-1,-1,-1,547,771,-1,-1,-1,-1,-1,-1,-1,-1,-1,-1,-1,-1,-1,-1,-1,-1,169,437,342,437,53,487,444,511,-1,-1,-1,-1,-1,-1,-1,-1,-1,-1
621376046016093699,180,180,180,180,249,532,277,763,4,784,-1,-1,-1,-1,556,774,-1,-1,-1,-1,-1,-1,-1,-1,-1,-1,-1,-1,-1,-1,-1,-1,167,442,333,435,47,497,439,499,-1,-1,-1,-1,-1,-1,-1,-1,-1,-1
621376046016428690,180,180,180,180,251,534,277,763,4,786,-1,-1,-1,-1,558,775,-1,-1,-1,-1,-1,-1,-1,-1,-1,-1,-1,-1,-1,-1,-1,-1,159,448,330,433,46,505,436,494,-1,-1,-1,-1,-1,-1,-1,-1,-1,-1
621376046016797120,180,180,180,180,253,536,279,763,4,787,-1,-1,-1,-1,558,778,-1,-1,-1,-1,-1,-1,-1,-1,-1,-1,-1,-1,-1,-1,-1,-1,156,450,325,433,43,511,434,487,-1,-1,-1,-1,-1,-1,-1,-1,-1,-1
621376046017427599,180,180,180,180,253,536,281,763,4,788,-1,-1,-1,-1,559,781,-1,-1,-1,-1,-1,-1,-1,-1,-1,-1,-1,-1,-1,-1,-1,-1,146,454,321,431,43,515,425,486,-1,-1,-1,-1,-1,-1,-1,-1,-1,-1
621376046017761364,180,180,180,180,254,537,281,764,4,787,-1,-1,-1,-1,561,784,-1,-1,-1,-1,-1,-1,-1,-1,-1,-1,-1,-1,-1,-1,-1,-1,143,454,316,429,43,515,421,485,-1,-1,-1,-1,-1,-1,-1,-1,-1,-1
621376046018118625,180,180,180,180,254,537,281,764,4,788,-1,-1,-1,-1,561,786,-1,-1,-1,-1,-1,-1,-1,-1,-1,-1,-1,-1,-1,-1,-1,-1,143,455,314,428,42,516,419,483,-1,-1,-1,-1,-1,-1,-1,-1,-1,-1
621376046018427281,180,180,180,180,254,537,281,764,4,787,-1,-1,-1,-1,562,786,-1,-1,-1,-1,-1,-1,-1,-1,-1,-1,-1,-1,-1,-1,-1,-1,142,456,314,429,40,516,418,483,-1,-1,-1,-1,-1,-1,-1,-1,-1,-1
621376046019092007,180,180,180,180,254,537,281,763,4,786,-1,-1,-1,-1,562,787,-1,-1,-1,-1,-1,-1,-1,-1,-1,-1,-1,-1,-1,-1,-1,-1,142,456,313,428,40,516,419,481,-1,-1,-1,-1,-1,-1,-1,-1,-1,-1
621376046019428290,180,180,180,180,254,537,281,762,4,785,-1,-1,-1,-1,563,784,-1,-1,-1,-1,-1,-1,-1,-1,-1,-1,-1,-1,-1,-1,-1,-1,142,457,313,428,39,515,418,482,-1,-1,-1,-1,-1,-1,-1,-1,-1,-1
621376046019766107,180,180,180,180,255,537,282,763,4,786,-1,-1,-1,-1,563,786,-1,-1,-1,-1,-1,-1,-1,-1,-1,-1,-1,-1,-1,-1,-1,-1,142,456,313,428,40,514,419,482,-1,-1,-1,-1,-1,-1,-1,-1,-1,-1
621376046020095779,180,180,180,180,255,537,282,762,4,784,-1,-1,-1,-1,563,786,-1,-1,-1,-1,-1,-1,-1,-1,-1,-1,-1,-1,-1,-1,-1,-1,143,456,314,432,39,513,419,482,-1,-1,-1,-1,-1,-1,-1,-1,-1,-1
621376046020427984,180,180,180,180,256,537,282,763,4,784,-1,-1,-1,-1,563,784,-1,-1,-1,-1,-1,-1,-1,-1,-1,-1,-1,-1,-1,-1,-1,-1,143,456,315,435,39,513,421,484,-1,-1,-1,-1,-1,-1,-1,-1,-1,-1
621376046020761497,180,180,180,180,257,537,282,762,4,784,-1,-1,-1,-1,563,784,-1,-1,-1,-1,-1,-1,-1,-1,-1,-1,-1,-1,-1,-1,-1,-1,144,456,319,435,40,513,425,484,-1,-1,-1,-1,-1,-1,-1,-1,-1,-1
621376046021119562,180,180,180,180,259,539,282,767,4,784,-1,-1,-1,-1,563,784,-1,-1,-1,-1,-1,-1,-1,-1,-1,-1,-1,-1,-1,-1,-1,-1,145,456,319,437,42,512,429,484,-1,-1,-1,-1,-1,-1,-1,-1,-1,-1
621376046021429389,180,180,180,180,259,539,282,762,4,784,-1,-1,-1,-1,563,784,-1,-1,-1,-1,-1,-1,-1,-1,-1,-1,-1,-1,-1,-1,-1,-1,147,455,322,437,43,512,430,486,-1,-1,-1,-1,-1,-1,-1,-1,-1,-1
621376046021761168,180,180,180,180,259,539,283,762,4,785,-1,-1,-1,-1,565,784,-1,-1,-1,-1,-1,-1,-1,-1,-1,-1,-1,-1,-1,-1,-1,-1,153,455,322,437,44,511,430,487,-1,-1,-1,-1,-1,-1,-1,-1,-1,-1
621376046022093968,180,180,180,180,259,540,283,764,4,784,-1,-1,-1,-1,565,784,-1,-1,-1,-1,-1,-1,-1,-1,-1,-1,-1,-1,-1,-1,-1,-1,154,456,323,436,43,511,431,488,-1,-1,-1,-1,-1,-1,-1,-1,-1,-1
621376046022431968,180,180,180,180,258,540,283,766,4,784,-1,-1,-1,-1,563,784,-1,-1,-1,-1,-1,-1,-1,-1,-1,-1,-1,-1,-1,-1,-1,-1,153,456,324,436,44,512,431,489,-1,-1,-1,-1,-1,-1,-1,-1,-1,-1
621376046023093662,180,180,180,180,255,540,283,764,4,784,-1,-1,-1,-1,565,784,-1,-1,-1,-1,-1,-1,-1,-1,-1,-1,-1,-1,-1,-1,-1,-1,155,456,324,436,50,512,431,489,-1,-1,-1,-1,-1,-1,-1,-1,-1,-1
621376046023429451,180,180,180,180,253,540,284,765,4,785,-1,-1,-1,-1,565,784,-1,-1,-1,-1,-1,-1,-1,-1,-1,-1,-1,-1,-1,-1,-1,-1,155,456,324,436,51,512,431,488,-1,-1,-1,-1,-1,-1,-1,-1,-1,-1
621376046023760772,180,180,180,180,254,540,284,764,4,784,-1,-1,-1,-1,565,784,-1,-1,-1,-1,-1,-1,-1,-1,-1,-1,-1,-1,-1,-1,-1,-1,155,456,324,436,50,512,431,488,-1,-1,-1,-1,-1,-1,-1,-1,-1,-1
621376046024428101,180,180,180,180,254,540,285,762,4,778,-1,-1,-1,-1,566,784,-1,-1,-1,-1,-1,-1,-1,-1,-1,-1,-1,-1,-1,-1,-1,-1,154,456,324,436,52,513,432,489,-1,-1,-1,-1,-1,-1,-1,-1,-1,-1
621376046024760675,180,180,180,180,253,540,285,764,4,778,-1,-1,-1,-1,566,782,-1,-1,-1,-1,-1,-1,-1,-1,-1,-1,-1,-1,-1,-1,-1,-1,154,456,324,436,52,515,431,488,-1,-1,-1,-1,-1,-1,-1,-1,-1,-1
621376046025095450,180,180,180,180,255,540,284,764,4,785,-1,-1,-1,-1,566,782,-1,-1,-1,-1,-1,-1,-1,-1,-1,-1,-1,-1,-1,-1,-1,-1,152,458,323,434,48,520,430,487,-1,-1,-1,-1,-1,-1,-1,-1,-1,-1
621376046025441648,180,180,180,180,258,536,284,765,4,782,-1,-1,-1,-1,566,781,-1,-1,-1,-1,-1,-1,-1,-1,-1,-1,-1,-1,-1,-1,-1,-1,145,459,318,430,48,525,424,475,-1,-1,-1,-1,-1,-1,-1,-1,-1,-1
621376046026092294,180,180,180,180,260,536,284,765,4,777,-1,-1,-1,-1,567,782,-1,-1,-1,-1,-1,-1,-1,-1,-1,-1,-1,-1,-1,-1,-1,-1,144,465,309,423,48,531,415,472,-1,-1,-1,-1,-1,-1,-1,-1,-1,-1
621376046026428459,180,179,180,180,260,533,284,767,4,784,-1,-1,-1,-1,567,783,-1,-1,-1,-1,-1,-1,-1,-1,-1,-1,-1,-1,-1,-1,-1,-1,137,467,305,421,44,534,415,464,-1,-1,-1,-1,-1,-1,-1,-1,-1,-1
621376046026760721,180,178,180,180,262,533,284,767,4,779,-1,-1,-1,-1,569,782,-1,-1,-1,-1,-1,-1,-1,-1,-1,-1,-1,-1,-1,-1,-1,-1,137,472,302,420,40,534,412,464,-1,-1,-1,-1,-1,-1,-1,-1,-1,-1
621376046027095424,180,176,180,180,262,531,284,769,4,780,-1,-1,-1,-1,571,782,-1,-1,-1,-1,-1,-1,-1,-1,-1,-1,-1,-1,-1,-1,-1,-1,133,478,291,421,40,553,409,459,-1,-1,-1,-1,-1,-1,-1,-1,-1,-1
621376046027760681,180,179,180,180,268,531,284,770,4,781,-1,-1,-1,-1,571,782,-1,-1,-1,-1,-1,-1,-1,-1,-1,-1,-1,-1,-1,-1,-1,-1,132,480,285,417,40,557,406,441,-1,-1,-1,-1,-1,-1,-1,-1,-1,-1
621376046028094153,180,179,180,180,275,530,285,772,4,782,-1,-1,-1,-1,574,785,-1,-1,-1,-1,-1,-1,-1,-1,-1,-1,-1,-1,-1,-1,-1,-1,132,485,285,417,39,572,405,423,-1,-1,-1,-1,-1,-1,-1,-1,-1,-1
621376046028428587,180,179,180,180,279,530,282,776,4,783,-1,-1,-1,-1,575,786,-1,-1,-1,-1,-1,-1,-1,-1,-1,-1,-1,-1,-1,-1,-1,-1,132,487,286,416,42,572,-1,-1,-1,-1,-1,-1,-1,-1,-1,-1,-1,-1
621376046028778692,180,179,180,180,282,529,282,777,4,786,-1,-1,-1,-1,577,786,-1,-1,-1,-1,-1,-1,-1,-1,-1,-1,-1,-1,-1,-1,-1,-1,132,488,285,415,44,589,-1,-1,-1,-1,-1,-1,-1,-1,-1,-1,-1,-1
621376046029426609,180,179,180,180,284,529,283,777,4,785,-1,-1,-1,-1,580,786,-1,-1,-1,-1,-1,-1,-1,-1,-1,-1,-1,-1,-1,-1,-1,-1,136,492,285,416,52,593,-1,-1,-1,-1,-1,-1,-1,-1,-1,-1,-1,-1
621376046029761994,180,179,180,180,288,529,282,777,4,785,-1,-1,-1,-1,581,787,-1,-1,-1,-1,-1,-1,-1,-1,-1,-1,-1,-1,-1,-1,-1,-1,138,492,286,415,52,594,-1,-1,-1,-1,-1,-1,-1,-1,-1,-1,-1,-1
621376046030095977,180,179,180,180,292,530,284,778,4,784,-1,-1,-1,-1,583,787,-1,-1,-1,-1,-1,-1,-1,-1,-1,-1,-1,-1,-1,-1,-1,-1,140,494,286,415,54,598,-1,-1,-1,-1,-1,-1,-1,-1,-1,-1,-1,-1
621376046030456217,180,180,180,180,292,530,284,779,4,778,-1,-1,-1,-1,583,788,-1,-1,-1,-1,-1,-1,-1,-1,-1,-1,-1,-1,-1,-1,-1,-1,141,497,292,415,55,598,-1,-1,-1,-1,-1,-1,-1,-1,-1,-1,-1,-1
621376046031094852,180,180,180,180,293,531,284,778,4,776,-1,-1,-1,-1,584,788,-1,-1,-1,-1,-1,-1,-1,-1,-1,-1,-1,-1,-1,-1,-1,-1,142,497,295,416,57,598,-1,-1,-1,-1,-1,-1,-1,-1,-1,-1,-1,-1
621376046031428988,180,180,180,180,296,532,284,779,4,777,-1,-1,-1,-1,585,791,-1,-1,-1,-1,-1,-1,-1,-1,-1,-1,-1,-1,-1,-1,-1,-1,142,497,298,416,57,597,-1,-1,-1,-1,-1,-1,-1,-1,-1,-1,-1,-1
621376046031762400,180,180,180,180,299,534,286,779,4,778,-1,-1,-1,-1,586,793,-1,-1,-1,-1,-1,-1,-1,-1,-1,-1,-1,-1,-1,-1,-1,-1,147,496,301,418,60,597,-1,-1,-1,-1,-1,-1,-1,-1,-1,-1,-1,-1
621376046032107960,180,180,180,180,303,536,289,780,4,777,-1,-1,-1,-1,587,794,-1,-1,-1,-1,-1,-1,-1,-1,-1,-1,-1,-1,-1,-1,-1,-1,153,494,307,418,61,593,-1,-1,-1,-1,-1,-1,-1,-1,-1,-1,-1,-1
621376046032426765,180,180,180,180,306,536,292,780,4,778,-1,-1,-1,-1,588,794,-1,-1,-1,-1,-1,-1,-1,-1,-1,-1,-1,-1,-1,-1,-1,-1,158,487,313,419,63,587,-1,-1,-1,-1,-1,-1,-1,-1,-1,-1,-1,-1
621376046033093226,180,180,180,180,306,536,293,780,4,779,-1,-1,-1,-1,589,794,-1,-1,-1,-1,-1,-1,-1,-1,-1,-1,-1,-1,-1,-1,-1,-1,163,484,322,419,67,587,-1,-1,-1,-1,-1,-1,-1,-1,-1,-1,-1,-1
621376046033428076,180,180,180,180,309,536,295,781,4,781,-1,-1,-1,-1,590,794,-1,-1,-1,-1,-1,-1,-1,-1,-1,-1,-1,-1,-1,-1,-1,-1,163,484,322,419,67,575,405,424,-1,-1,-1,-1,-1,-1,-1,-1,-1,-1
621376046033761261,180,180,180,180,312,538,296,782,4,782,-1,-1,-1,-1,591,796,-1,-1,-1,-1,-1,-1,-1,-1,-1,-1,-1,-1,-1,-1,-1,-1,167,478,327,418,72,574,435,431,-1,-1,-1,-1,-1,-1,-1,-1,-1,-1
621376046034094946,180,180,180,180,313,538,299,786,4,783,-1,-1,-1,-1,594,796,-1,-1,-1,-1,-1,-1,-1,-1,-1,-1,-1,-1,-1,-1,-1,-1,173,479,338,418,75,568,435,440,-1,-1,-1,-1,-1,-1,-1,-1,-1,-1
621376046034459349,180,179,180,180,314,541,300,784,4,800,-1,-1,-1,-1,598,800,-1,-1,-1,-1,-1,-1,-1,-1,-1,-1,-1,-1,-1,-1,-1,-1,178,479,344,421,78,568,440,451,-1,-1,-1,-1,-1,-1,-1,-1,-1,-1
621376046034759314,180,179,180,180,316,542,303,791,4,803,-1,-1,-1,-1,599,811,-1,-1,-1,-1,-1,-1,-1,-1,-1,-1,-1,-1,-1,-1,-1,-1,185,477,354,425,82,568,448,465,-1,-1,-1,-1,-1,-1,-1,-1,-1,-1
621376046035092178,180,179,180,180,318,552,303,792,4,807,-1,-1,-1,-1,598,824,-1,-1,-1,-1,-1,-1,-1,-1,-1,-1,-1,-1,-1,-1,-1,-1,185,480,353,450,82,569,447,470,-1,-1,-1,-1,-1,-1,-1,-1,-1,-1
621376046035425987,179,179,180,180,317,561,304,802,4,815,-1,-1,-1,-1,599,835,-1,-1,-1,-1,-1,-1,-1,-1,-1,-1,-1,-1,-1,-1,-1,-1,187,488,352,450,81,575,448,487,-1,-1,-1,-1,-1,-1,-1,-1,-1,-1
621376046035761492,179,179,180,180,316,570,303,818,4,829,-1,-1,-1,-1,598,835,-1,-1,-1,-1,-1,-1,-1,-1,-1,-1,-1,-1,-1,-1,-1,-1,188,492,354,462,85,582,456,487,-1,-1,-1,-1,-1,-1,-1,-1,-1,-1
621376046036094303,177,180,180,180,319,592,303,842,4,850,-1,-1,-1,-1,599,848,-1,-1,-1,-1,-1,-1,-1,-1,-1,-1,-1,-1,-1,-1,-1,-1,192,498,365,477,87,588,461,514,-1,-1,-1,-1,-1,-1,-1,-1,-1,-1
621376046036759942,179,180,180,180,321,601,303,852,4,858,-1,-1,-1,-1,602,874,-1,-1,-1,-1,-1,-1,-1,-1,-1,-1,-1,-1,-1,-1,-1,-1,197,516,367,494,94,596,469,533,-1,-1,-1,-1,-1,-1,-1,-1,-1,-1
621376046037095256,178,180,180,180,322,616,303,865,4,874,-1,-1,-1,-1,602,893,-1,-1,-1,-1,-1,-1,-1,-1,-1,-1,-1,-1,-1,-1,-1,-1,202,522,369,511,97,596,462,533,-1,-1,-1,-1,-1,-1,-1,-1,-1,-1
621376046037428649,178,180,180,180,324,644,303,905,4,909,-1,-1,-1,-1,609,927,-1,-1,-1,-1,-1,-1,-1,-1,-1,-1,-1,-1,-1,-1,-1,-1,202,552,374,539,99,624,459,582,-1,-1,-1,-1,-1,-1,-1,-1,-1,-1
621376046037760037,175,180,180,180,325,673,306,940,4,945,-1,-1,-1,-1,611,962,-1,-1,-1,-1,-1,-1,-1,-1,-1,-1,-1,-1,-1,-1,-1,-1,217,568,385,569,102,639,459,595,-1,-1,-1,-1,-1,-1,-1,-1,-1,-1
621376046038095739,178,180,180,180,330,707,314,982,4,984,-1,-1,-1,-1,614,1005,-1,-1,-1,-1,-1,-1,-1,-1,-1,-1,-1,-1,-1,-1,-1,-1,230,613,392,605,103,665,471,621,-1,-1,-1,-1,-1,-1,-1,-1,-1,-1
621376046038426149,179,180,180,180,330,741,316,1034,4,1001,-1,-1,-1,-1,623,1058,-1,-1,-1,-1,-1,-1,-1,-1,-1,-1,-1,-1,-1,-1,-1,-1,233,647,396,642,105,731,493,670,-1,-1,-1,-1,-1,-1,-1,-1,-1,-1
621376046038763704,179,180,180,180,331,774,318,1060,4,1052,-1,-1,-1,-1,626,1088,-1,-1,-1,-1,-1,-1,-1,-1,-1,-1,-1,-1,-1,-1,-1,-1,234,665,397,679,107,754,503,670,-1,-1,-1,-1,-1,-1,-1,-1,-1,-1
621376046039095507,179,180,180,180,335,784,319,1086,4,1073,-1,-1,-1,-1,632,1101,-1,-1,-1,-1,-1,-1,-1,-1,-1,-1,-1,-1,-1,-1,-1,-1,233,690,398,697,108,766,518,719,-1,-1,-1,-1,-1,-1,-1,-1,-1,-1
621376046039428774,180,180,180,180,336,784,322,1086,4,1105,-1,-1,-1,-1,634,1105,-1,-1,-1,-1,-1,-1,-1,-1,-1,-1,-1,-1,-1,-1,-1,-1,233,690,401,712,108,766,524,743,-1,-1,-1,-1,-1,-1,-1,-1,-1,-1
621376046039760042,180,180,180,180,336,798,327,1099,4,1118,-1,-1,-1,-1,640,1111,-1,-1,-1,-1,-1,-1,-1,-1,-1,-1,-1,-1,-1,-1,-1,-1,233,705,401,712,108,772,525,743,-1,-1,-1,-1,-1,-1,-1,-1,-1,-1
621376046040094114,180,180,180,180,333,809,332,1121,4,1122,-1,-1,-1,-1,640,1123,-1,-1,-1,-1,-1,-1,-1,-1,-1,-1,-1,-1,-1,-1,-1,-1,233,732,406,724,107,784,527,757,-1,-1,-1,-1,-1,-1,-1,-1,-1,-1
621376046040429314,180,180,180,180,333,821,331,1129,4,1126,-1,-1,-1,-1,640,1132,-1,-1,-1,-1,-1,-1,-1,-1,-1,-1,-1,-1,-1,-1,-1,-1,234,734,407,731,108,785,531,762,-1,-1,-1,-1,-1,-1,-1,-1,-1,-1
621376046040795245,180,180,180,180,333,830,331,1133,4,1138,-1,-1,-1,-1,642,1139,-1,-1,-1,-1,-1,-1,-1,-1,-1,-1,-1,-1,-1,-1,-1,-1,234,738,408,739,106,796,532,762,-1,-1,-1,-1,-1,-1,-1,-1,-1,-1
621376046041096442,180,180,180,180,333,830,332,1136,4,1144,-1,-1,-1,-1,645,1139,-1,-1,-1,-1,-1,-1,-1,-1,-1,-1,-1,-1,-1,-1,-1,-1,234,749,408,739,107,796,533,772,-1,-1,-1,-1,-1,-1,-1,-1,-1,-1
621376046041429114,180,180,180,180,333,840,327,1138,4,1151,-1,-1,-1,-1,643,1146,-1,-1,-1,-1,-1,-1,-1,-1,-1,-1,-1,-1,-1,-1,-1,-1,233,748,408,748,104,800,534,772,-1,-1,-1,-1,-1,-1,-1,-1,-1,-1
621376046041761382,180,180,180,180,333,849,329,1153,4,1155,-1,-1,-1,-1,645,1150,-1,-1,-1,-1,-1,-1,-1,-1,-1,-1,-1,-1,-1,-1,-1,-1,233,753,408,753,104,818,534,786,-1,-1,-1,-1,-1,-1,-1,-1,-1,-1
621376046042108418,180,180,180,180,337,861,328,1156,4,1159,-1,-1,-1,-1,646,1160,-1,-1,-1,-1,-1,-1,-1,-1,-1,-1,-1,-1,-1,-1,-1,-1,233,764,410,765,106,822,539,806,-1,-1,-1,-1,-1,-1,-1,-1,-1,-1
621376046042760611,180,180,180,180,337,876,333,1177,4,1170,-1,-1,-1,-1,642,1172,-1,-1,-1,-1,-1,-1,-1,-1,-1,-1,-1,-1,-1,-1,-1,-1,232,776,410,780,105,827,543,825,-1,-1,-1,-1,-1,-1,-1,-1,-1,-1
621376046043093404,N/A,N/A,N/A,N/A,N/A,N/A,N/A,N/A,N/A,N/A,N/A,N/A,N/A,N/A,N/A,N/A,N/A,N/A,N/A,N/A,N/A,N/A,N/A,N/A,N/A,N/A,N/A,N/A,N/A,N/A,N/A,N/A,N/A,N/A,N/A,N/A,N/A,N/A,N/A,N/A,N/A,N/A,N/A,N/A,N/A,N/A,N/A,N/A,N/A,N/A
621376046043429809,N/A,N/A,N/A,N/A,N/A,N/A,N/A,N/A,N/A,N/A,N/A,N/A,N/A,N/A,N/A,N/A,N/A,N/A,N/A,N/A,N/A,N/A,N/A,N/A,N/A,N/A,N/A,N/A,N/A,N/A,N/A,N/A,N/A,N/A,N/A,N/A,N/A,N/A,N/A,N/A,N/A,N/A,N/A,N/A,N/A,N/A,N/A,N/A,N/A,N/A
621376046043761472,N/A,N/A,N/A,N/A,N/A,N/A,N/A,N/A,N/A,N/A,N/A,N/A,N/A,N/A,N/A,N/A,N/A,N/A,N/A,N/A,N/A,N/A,N/A,N/A,N/A,N/A,N/A,N/A,N/A,N/A,N/A,N/A,N/A,N/A,N/A,N/A,N/A,N/A,N/A,N/A,N/A,N/A,N/A,N/A,N/A,N/A,N/A,N/A,N/A,N/A
